запрос,частотность_тип1,частотность_тип2,частотность_тип3,источник,дата
фахверк,5188,1126,1068,"Wordstat через Топвизор, регион 213",2026-08-26
фахверковые дома,789,310,237,"Wordstat через Топвизор, регион 213",2026-08-26
фахверк это,,,,"Wordstat через Топвизор, регион 213",2026-08-26
дом хай тек,756,59,47,"Wordstat через Топвизор, регион 213",2026-08-26
фахверк что это,,,,"Wordstat через Топвизор, регион 213",2026-08-26
фахверковый дом,1094,855,39,"Wordstat через Топвизор, регион 213",2026-08-26
дом фахверк,825,177,95,"Wordstat через Топвизор, регион 213",2026-08-26
дома с плоской крышей,980,103,34,"Wordstat через Топвизор, регион 213",2026-08-26
фахверк дом,1192,,49,"Wordstat через Топвизор, регион 213",2026-08-26
современные дома с панорамным остеклением,71,25,25,"Wordstat через Топвизор, регион 213",2026-08-26
фахверковые дома цена под ключ,11,5,3,"Wordstat через Топвизор, регион 213",2026-08-26
дом в стиле фахверк,96,21,14,"Wordstat через Топвизор, регион 213",2026-08-26
haus,7510,69,48,"Wordstat через Топвизор, регион 213",2026-08-26
модум,764,70,12,"Wordstat через Топвизор, регион 213",2026-08-26
фахверковые дома что это,88,35,27,"Wordstat через Топвизор, регион 213",2026-08-26
остекление фахверковых домов,2,1,2,"Wordstat через Топвизор, регион 213",2026-08-26
фахверковые дома проекты и цены,16,13,13,"Wordstat через Топвизор, регион 213",2026-08-26
одноэтажные дома с плоской крышей,277,59,25,"Wordstat через Топвизор, регион 213",2026-08-26
типы крыш,732,28,31,"Wordstat через Топвизор, регион 213",2026-08-26
проект дома с бассейном,114,10,0,"Wordstat через Топвизор, регион 213",2026-08-26
фахверк купить,162,10,10,"Wordstat через Топвизор, регион 213",2026-08-26
дом с прямой крышей,121,12,4,"Wordstat через Топвизор, регион 213",2026-08-26
дома хайтек,613,,36,"Wordstat через Топвизор, регион 213",2026-08-26
построить дом с бассейном под ключ,1,2,8,"Wordstat через Топвизор, регион 213",2026-08-26
modum,468,17,16,"Wordstat через Топвизор, регион 213",2026-08-26
дома в стиле хайтек,179,12,11,"Wordstat через Топвизор, регион 213",2026-08-26
дома в стиле фахверк,85,95,9,"Wordstat через Топвизор, регион 213",2026-08-26
строительство фахверковых домов,15,3,3,"Wordstat через Топвизор, регион 213",2026-08-26
фахверк дома,1278,,94,"Wordstat через Топвизор, регион 213",2026-08-26
дома фахверк под ключ проекты и цены,10,10,10,"Wordstat через Топвизор, регион 213",2026-08-26
что такое фахверк в строительстве,,,,"Wordstat через Топвизор, регион 213",2026-08-26
фахверковые дома проекты,43,11,3,"Wordstat через Топвизор, регион 213",2026-08-26
панорамный дом,2967,9,9,"Wordstat через Топвизор, регион 213",2026-08-26
проект дома фахверк,50,18,0,"Wordstat через Топвизор, регион 213",2026-08-26
проект дома шале,261,54,13,"Wordstat через Топвизор, регион 213",2026-08-26
остекление фахверка,223,7,2,"Wordstat через Топвизор, регион 213",2026-08-26
фахверк под ключ,176,29,29,"Wordstat через Топвизор, регион 213",2026-08-26
дом хайтек 2 этажа,25,3,3,"Wordstat через Топвизор, регион 213",2026-08-26
купить дом хай тек,30,1,1,"Wordstat через Топвизор, регион 213",2026-08-26
высота трехэтажного дома,,,,"Wordstat через Топвизор, регион 213",2026-08-26
одноэтажный фахверк,42,2,2,"Wordstat через Топвизор, регион 213",2026-08-26
проект дома в стиле хай тек,60,43,1,"Wordstat через Топвизор, регион 213",2026-08-26
купить дом фахверк,66,19,18,"Wordstat через Топвизор, регион 213",2026-08-26
каркасный дом хай тек,33,21,18,"Wordstat через Топвизор, регион 213",2026-08-26
дом с панорамным остеклением,163,7,7,"Wordstat через Топвизор, регион 213",2026-08-26
проект в,,,,"Wordstat через Топвизор, регион 213",2026-08-26
фахверк строительство,318,2,0,"Wordstat через Топвизор, регион 213",2026-08-26
дом фахверк под ключ,95,26,15,"Wordstat через Топвизор, регион 213",2026-08-26
панорамное остекление дома,307,15,6,"Wordstat через Топвизор, регион 213",2026-08-26
панорамное остекление загородного дома,54,31,23,"Wordstat через Топвизор, регион 213",2026-08-26
фахверковые,1285,3,15,"Wordstat через Топвизор, регион 213",2026-08-26
фахверк хаус,21,3,15,"Wordstat через Топвизор, регион 213",2026-08-26
дом с 5 спальнями,174,2,2,"Wordstat через Топвизор, регион 213",2026-08-26
проект дома хай тек,114,100,4,"Wordstat через Топвизор, регион 213",2026-08-26
проект одноэтажного дома с баней,57,1,1,"Wordstat через Топвизор, регион 213",2026-08-26
фахверковые дома цена,51,21,7,"Wordstat через Топвизор, регион 213",2026-08-26
одноэтажный дом хай тек,61,6,5,"Wordstat через Топвизор, регион 213",2026-08-26
купить дом фахверк под ключ,19,14,14,"Wordstat через Топвизор, регион 213",2026-08-26
дома фахверк под ключ проекты,14,2,2,"Wordstat через Топвизор, регион 213",2026-08-26
проекты домов с панорамным остеклением,52,2,2,"Wordstat через Топвизор, регион 213",2026-08-26
дом с окнами в пол,328,10,2,"Wordstat через Топвизор, регион 213",2026-08-26
fahverk house,5,,,"Wordstat через Топвизор, регион 213",2026-08-26
проекты домов с двускатной крышей,15,1,0,"Wordstat через Топвизор, регион 213",2026-08-26
каркасный дом фахверк,21,2,1,"Wordstat через Топвизор, регион 213",2026-08-26
каркасные дома в стиле хай тек,3,0,0,"Wordstat через Топвизор, регион 213",2026-08-26
фахверк цена под ключ,31,2,2,"Wordstat через Топвизор, регион 213",2026-08-26
hi tech дома,31,4,4,"Wordstat через Топвизор, регион 213",2026-08-26
одноэтажный дом фахверк,24,1,1,"Wordstat через Топвизор, регион 213",2026-08-26
фахверковые дома под ключ,34,17,12,"Wordstat через Топвизор, регион 213",2026-08-26
дом с гаражом и бассейном,36,0,0,"Wordstat через Топвизор, регион 213",2026-08-26
одноэтажный дом в стиле хай тек,25,12,5,"Wordstat через Топвизор, регион 213",2026-08-26
одноэтажный дом с плоской крышей и террасой,5,4,11,"Wordstat через Топвизор, регион 213",2026-08-26
проект коттеджа с бассейном,7,1,1,"Wordstat через Топвизор, регион 213",2026-08-26
коттеджи в стиле хай тек,6,0,0,"Wordstat через Топвизор, регион 213",2026-08-26
дома хай тек под ключ,11,3,2,"Wordstat через Топвизор, регион 213",2026-08-26
дома хайтек под ключ,17,1,0,"Wordstat через Топвизор, регион 213",2026-08-26
одноэтажный фахверковый дом,7,2,0,"Wordstat через Топвизор, регион 213",2026-08-26
проекты хай тек,132,6,0,"Wordstat через Топвизор, регион 213",2026-08-26
фахверк современный,4,2,2,"Wordstat через Топвизор, регион 213",2026-08-26
фахверковый дом что это,,43,7,"Wordstat через Топвизор, регион 213",2026-08-26
дом фахверк фото,49,18,6,"Wordstat через Топвизор, регион 213",2026-08-26
панорамные дома,2248,9,12,"Wordstat через Топвизор, регион 213",2026-08-26
дома в стиле фахверк проекты,1,0,0,"Wordstat через Топвизор, регион 213",2026-08-26
панорамный каркасный дом,162,0,1,"Wordstat через Топвизор, регион 213",2026-08-26
проекты фахверковых домов,47,23,85,"Wordstat через Топвизор, регион 213",2026-08-26
дом фахверк под ключ цены,26,10,6,"Wordstat через Топвизор, регион 213",2026-08-26
фарвехтовые дома,17,,3,"Wordstat через Топвизор, регион 213",2026-08-26
баня фахверк,44,17,11,"Wordstat через Топвизор, регион 213",2026-08-26
фахверковый дом под ключ,106,1,1,"Wordstat через Топвизор, регион 213",2026-08-26
одноэтажный дом с панорамным остеклением,20,0,0,"Wordstat через Топвизор, регион 213",2026-08-26
дома с плоской крышей проекты и цены,1,1,1,"Wordstat через Топвизор, регион 213",2026-08-26
дом хай тек цена,4,0,0,"Wordstat через Топвизор, регион 213",2026-08-26
двухскатная крыша с террасой,,,,"Wordstat через Топвизор, регион 213",2026-08-26
купить дом хай тек в москве,0,0,0,"Wordstat через Топвизор, регион 213",2026-08-26
фахверковые дома это,,,,"Wordstat через Топвизор, регион 213",2026-08-26
технология фахверк,76,16,10,"Wordstat через Топвизор, регион 213",2026-08-26
хай тек хаус,,,,"Wordstat через Топвизор, регион 213",2026-08-26
фахверк с плоской крышей,2,1,2,"Wordstat через Топвизор, регион 213",2026-08-26
рендер дома,133,14,5,"Wordstat через Топвизор, регион 213",2026-08-26
дома фахверк под ключ,155,46,113,"Wordstat через Топвизор, регион 213",2026-08-26
стиль флэт,,,,"Wordstat через Топвизор, регион 213",2026-08-26
что такое фахверковый дом,,21,5,"Wordstat через Топвизор, регион 213",2026-08-26
дом хай тек с плоской крышей,38,1,1,"Wordstat через Топвизор, регион 213",2026-08-26
фахверк стиль,293,,21,"Wordstat через Топвизор, регион 213",2026-08-26
шале стиль дома,534,,,"Wordstat через Топвизор, регион 213",2026-08-26
фахверк проекты домов,46,8,3,"Wordstat через Топвизор, регион 213",2026-08-26
дом без потолка под крышу,,,,"Wordstat через Топвизор, регион 213",2026-08-26
проект двухэтажного дома с плоской крышей,49,,,"Wordstat через Топвизор, регион 213",2026-08-26
проект одноэтажного дома с сауной,52,21,3,"Wordstat через Топвизор, регион 213",2026-08-26
дома фахверк проекты,46,31,0,"Wordstat через Топвизор, регион 213",2026-08-26
проекты домов в стиле хай тек с плоской крышей,3,62,,"Wordstat через Топвизор, регион 213",2026-08-26
современный фахверк,24,2,8,"Wordstat через Топвизор, регион 213",2026-08-26
хай тек дома проекты,114,88,0,"Wordstat через Топвизор, регион 213",2026-08-26
дом в альпах,,,,"Wordstat через Топвизор, регион 213",2026-08-26
фахверковые дома цена под ключ москва,1,1,1,"Wordstat через Топвизор, регион 213",2026-08-26
дом стиль хай тек,451,,9,"Wordstat через Топвизор, регион 213",2026-08-26
стиль хай тек дом,451,,9,"Wordstat через Топвизор, регион 213",2026-08-26
фахверк плюсы и минусы,9,,,"Wordstat через Топвизор, регион 213",2026-08-26
фахверковые дома купить,34,2,0,"Wordstat через Топвизор, регион 213",2026-08-26
одноэтажные,31775,55,0,"Wordstat через Топвизор, регион 213",2026-08-26
построить дом с бассейном,89,4,4,"Wordstat через Топвизор, регион 213",2026-08-26
дом с бассейном под ключ,29,1,1,"Wordstat через Топвизор, регион 213",2026-08-26
проект двухэтажного дома с 4 спальнями,14,7,0,"Wordstat через Топвизор, регион 213",2026-08-26
фахверковые конструкции,35,7,,"Wordstat через Топвизор, регион 213",2026-08-26
проекты одноэтажных домов с плоской кровлей,22,9,4,"Wordstat через Топвизор, регион 213",2026-08-26
двухэтажный дом в стиле хай тек,27,5,8,"Wordstat через Топвизор, регион 213",2026-08-26
панорамные окна в квартире плюсы и минусы,1,0,1,"Wordstat через Топвизор, регион 213",2026-08-26
дом с двумя крышами,281,,,"Wordstat через Топвизор, регион 213",2026-08-26
фасад в стиле шале,94,7,5,"Wordstat через Топвизор, регион 213",2026-08-26
фахверк проект,68,,3,"Wordstat через Топвизор, регион 213",2026-08-26
шале проект,463,,,"Wordstat через Топвизор, регион 213",2026-08-26
проекты домов хай тек с плоской крышей,2,1,1,"Wordstat через Топвизор, регион 213",2026-08-26
дом шале это,5490,,,"Wordstat через Топвизор, регион 213",2026-08-26
дом шале что это,31,,,"Wordstat через Топвизор, регион 213",2026-08-26
дом с двускатной крышей и террасой,6,2,,"Wordstat через Топвизор, регион 213",2026-08-26
интек хаус,,,,"Wordstat через Топвизор, регион 213",2026-08-26
панорамные домики,591,,0,"Wordstat через Топвизор, регион 213",2026-08-26
проекты домов в стиле фахверк,1,5,0,"Wordstat через Топвизор, регион 213",2026-08-26
проекты домов фахверк,46,27,3,"Wordstat через Топвизор, регион 213",2026-08-26
гараж фахверк,6,8,8,"Wordstat через Топвизор, регион 213",2026-08-26
flat стиль,,,,"Wordstat через Топвизор, регион 213",2026-08-26
проект фахверкового дома,47,,0,"Wordstat через Топвизор, регион 213",2026-08-26
фасад дома в стиле шале,68,12,10,"Wordstat через Топвизор, регион 213",2026-08-26
дом хай тек под ключ,12,6,2,"Wordstat через Топвизор, регион 213",2026-08-26
дом хай тек с бассейном,18,2,0,"Wordstat через Топвизор, регион 213",2026-08-26
проект дома шале с террасой,22,6,6,"Wordstat через Топвизор, регион 213",2026-08-26
дом в стиле хайтек под ключ,,,0,"Wordstat через Топвизор, регион 213",2026-08-26
купить дом в стиле хайтек,4,1,1,"Wordstat через Топвизор, регион 213",2026-08-26
купить дом хайтек,11,,,"Wordstat через Топвизор, регион 213",2026-08-26
построить дом под ключ хайтек,0,,0,"Wordstat через Топвизор, регион 213",2026-08-26
сколько стоит дом хай тек,1,0,0,"Wordstat через Топвизор, регион 213",2026-08-26
сколько стоит хайтек дом,,,,"Wordstat через Топвизор, регион 213",2026-08-26
строительство домов hi tech,,,1,"Wordstat через Топвизор, регион 213",2026-08-26
строительство домов в стиле хай тек,3,0,0,"Wordstat через Топвизор, регион 213",2026-08-26
готовые дома фахверк купить,15,3,0,"Wordstat через Топвизор, регион 213",2026-08-26
готовые дома фахверк под ключ,0,0,0,"Wordstat через Топвизор, регион 213",2026-08-26
готовый фахверк купить,,,1,"Wordstat через Топвизор, регион 213",2026-08-26
дом фахверк купить готовый,7,1,1,"Wordstat через Топвизор, регион 213",2026-08-26
купить готовый дом фахверк,,,0,"Wordstat через Топвизор, регион 213",2026-08-26
купить готовый дом фахверк под ключ,,,0,"Wordstat через Топвизор, регион 213",2026-08-26
дома по технологии фахверк проекты,1,,0,"Wordstat через Топвизор, регион 213",2026-08-26
быстровозводимые дома фахверк,,2,0,"Wordstat через Топвизор, регион 213",2026-08-26
дачный дом в стиле фахверк,,,0,"Wordstat через Топвизор, регион 213",2026-08-26
дачный домик фахверк,,,0,"Wordstat через Топвизор, регион 213",2026-08-26
дома фахверк москва,,,0,"Wordstat через Топвизор, регион 213",2026-08-26
дома фахверк подмосковье,22,0,0,"Wordstat через Топвизор, регион 213",2026-08-26
загородные дома фахверк,5,0,0,"Wordstat через Топвизор, регион 213",2026-08-26
коттедж фахверк,18,,0,"Wordstat через Топвизор, регион 213",2026-08-26
современные дома фахверк,6,,0,"Wordstat через Топвизор, регион 213",2026-08-26
фахверк москва,62,4,4,"Wordstat через Топвизор, регион 213",2026-08-26
фахверк московская область,13,0,0,"Wordstat через Топвизор, регион 213",2026-08-26
фахверковые дома в москве и московской области,,,0,"Wordstat через Топвизор, регион 213",2026-08-26
фахверковые дома москва,37,3,93,"Wordstat через Топвизор, регион 213",2026-08-26
фахверковые дома московская область,,,0,"Wordstat через Топвизор, регион 213",2026-08-26
фахверковый дом с панорамным остеклением цена,,,0,"Wordstat через Топвизор, регион 213",2026-08-26
дом фахверк двухэтажный с террасой купить,,,0,"Wordstat через Топвизор, регион 213",2026-08-26
дом в стиле фахверк купить,,,0,"Wordstat через Топвизор, регион 213",2026-08-26
дома фахверк купить,123,28,2,"Wordstat через Топвизор, регион 213",2026-08-26
дома фахверк купить в москве,10,,0,"Wordstat через Топвизор, регион 213",2026-08-26
купить дом в стиле фахверк,0,2,1,"Wordstat через Топвизор, регион 213",2026-08-26
купить дом фахверк в подмосковье,15,3,2,"Wordstat через Топвизор, регион 213",2026-08-26
купить дом фахверк московская область,,,0,"Wordstat через Топвизор, регион 213",2026-08-26
купить дом фахверк под ключ в подмосковье,,,10,"Wordstat через Топвизор, регион 213",2026-08-26
купить фахверк под ключ москва,,,0,"Wordstat через Топвизор, регион 213",2026-08-26
купить фахверковый дом,22,53,3,"Wordstat через Топвизор, регион 213",2026-08-26
купить фахверковый дом в подмосковье,11,,5,"Wordstat через Топвизор, регион 213",2026-08-26
фахверк дом купить москва,,,0,"Wordstat через Топвизор, регион 213",2026-08-26
фахверк дома заказать,,,0,"Wordstat через Топвизор, регион 213",2026-08-26
фахверк заказать,3,2,2,"Wordstat через Топвизор, регион 213",2026-08-26
фахверк купить в московской области,,,0,"Wordstat через Топвизор, регион 213",2026-08-26
фахверк купить москва,17,4,3,"Wordstat через Топвизор, регион 213",2026-08-26
фахверк купить от производителя,,,0,"Wordstat через Топвизор, регион 213",2026-08-26
фахверк на заказ,,,0,"Wordstat через Топвизор, регион 213",2026-08-26
фахверк продажа домов,,,0,"Wordstat через Топвизор, регион 213",2026-08-26
фахверковый дом заказать,,1,0,"Wordstat через Топвизор, регион 213",2026-08-26
фахверковый дом купить в москве,,,0,"Wordstat через Топвизор, регион 213",2026-08-26
дома фахверк проекты и цены,2,1,1,"Wordstat через Топвизор, регион 213",2026-08-26
купить проект фахверкового дома,0,0,0,"Wordstat через Топвизор, регион 213",2026-08-26
проекты домов фахверк цены,,,0,"Wordstat через Топвизор, регион 213",2026-08-26
фахверковые дома под ключ проекты и цены,,,0,"Wordstat через Топвизор, регион 213",2026-08-26
дом из фахверка под ключ,,,4,"Wordstat через Топвизор, регион 213",2026-08-26
дом фахверк под ключ в москве,,,0,"Wordstat через Топвизор, регион 213",2026-08-26
построить дом в стиле фахверк,0,1,1,"Wordstat через Топвизор, регион 213",2026-08-26
построить дом под ключ фахверк,,,14,"Wordstat через Топвизор, регион 213",2026-08-26
построить фахверковый дом,20,7,4,"Wordstat через Топвизор, регион 213",2026-08-26
строительство домов в стиле фахверк,4,0,0,"Wordstat через Топвизор, регион 213",2026-08-26
строительство домов фахверк,24,9,6,"Wordstat через Топвизор, регион 213",2026-08-26
строительство домов фахверк москва,,,0,"Wordstat через Топвизор, регион 213",2026-08-26
строительство домов фахверк под ключ,7,0,0,"Wordstat через Топвизор, регион 213",2026-08-26
строительство зданий фахверк,,,0,"Wordstat через Топвизор, регион 213",2026-08-26
строительство фахверка под ключ,6,1,0,"Wordstat через Топвизор, регион 213",2026-08-26
строительство фахверков москва,,,0,"Wordstat через Топвизор, регион 213",2026-08-26
строительство фахверковых домов в москве,6,,0,"Wordstat через Топвизор, регион 213",2026-08-26
строительство фахверковых домов под ключ,5,2,0,"Wordstat через Топвизор, регион 213",2026-08-26
фахверк под ключ в москве,,,0,"Wordstat через Топвизор, регион 213",2026-08-26
фахверк под ключ москва,13,0,1,"Wordstat через Топвизор, регион 213",2026-08-26
фахверковые дома строительная компания,,,0,"Wordstat через Топвизор, регион 213",2026-08-26
каркасный дом в стиле фахверк,0,0,0,"Wordstat через Топвизор, регион 213",2026-08-26
дом фахверк под ключ цена,,,0,"Wordstat через Топвизор, регион 213",2026-08-26
дом фахверк под ключ цены москва,7,0,2,"Wordstat через Топвизор, регион 213",2026-08-26
дом фахверк цена,32,4,1,"Wordstat через Топвизор, регион 213",2026-08-26
дом фахверк цена москва,,,0,"Wordstat через Топвизор, регион 213",2026-08-26
дома фахверк стоимость,,,0,"Wordstat через Топвизор, регион 213",2026-08-26
дома фахверк цены,,,6,"Wordstat через Топвизор, регион 213",2026-08-26
каркасный дом фахверк цена,,,0,"Wordstat через Топвизор, регион 213",2026-08-26
сколько стоит дом фахверк,0,0,4,"Wordstat через Топвизор, регион 213",2026-08-26
сколько стоит построить фахверк,3,,0,"Wordstat через Топвизор, регион 213",2026-08-26
сколько стоит фахверковый дом,2,1,0,"Wordstat через Топвизор, регион 213",2026-08-26
строительство фахверковые дома цена,11,0,0,"Wordstat через Топвизор, регион 213",2026-08-26
фахверк дома под ключ цена,74,13,51,"Wordstat через Топвизор, регион 213",2026-08-26
фахверк москва цена,,,0,"Wordstat через Топвизор, регион 213",2026-08-26
фахверк под ключ москва цена,,,0,"Wordstat через Топвизор, регион 213",2026-08-26
фахверк под ключ цена,73,15,6,"Wordstat через Топвизор, регион 213",2026-08-26
фахверк под ключ цена с отделкой,6,0,0,"Wordstat через Топвизор, регион 213",2026-08-26
фахверк стоимость строительства,,,0,"Wordstat через Топвизор, регион 213",2026-08-26
фахверк цена,65,10,2,"Wordstat через Топвизор, регион 213",2026-08-26
фахверк цена за м2,,,0,"Wordstat через Топвизор, регион 213",2026-08-26
фахверковые дома под ключ москва цена,,,6,"Wordstat через Топвизор, регион 213",2026-08-26
фахверковые дома цена под ключ фото,,,0,"Wordstat через Топвизор, регион 213",2026-08-26
фахверковый дом под ключ цена,63,17,0,"Wordstat через Топвизор, регион 213",2026-08-26
фахверковый дом цена,34,22,0,"Wordstat через Топвизор, регион 213",2026-08-26
фахверковый дом цена москва,,1,0,"Wordstat через Топвизор, регион 213",2026-08-26
дом фахверк одноэтажный под ключ,,,0,"Wordstat через Топвизор, регион 213",2026-08-26
фахверковые дома проекты одноэтажные планировка стоимость,,,0,"Wordstat через Топвизор, регион 213",2026-08-26
фахверковый одноэтажный дом купить,,,0,"Wordstat через Топвизор, регион 213",2026-08-26
дом high tech,4,,,"Wordstat через Топвизор, регион 213",2026-08-26
дом в стиле хай тек под ключ,2,1,1,"Wordstat через Топвизор, регион 213",2026-08-26
дома хайтек под ключ цена,2,,0,"Wordstat через Топвизор, регион 213",2026-08-26
загородный дом хайтек,,,,"Wordstat через Топвизор, регион 213",2026-08-26
сколько стоит построить дом хайтек,,,0,"Wordstat через Топвизор, регион 213",2026-08-26
хайтек дом,613,14,52,"Wordstat через Топвизор, регион 213",2026-08-26
хайтек дом цена,2,1,1,"Wordstat через Топвизор, регион 213",2026-08-26
дом фахверк шале,,,0,"Wordstat через Топвизор, регион 213",2026-08-26
дом шале под ключ,124,27,19,"Wordstat через Топвизор, регион 213",2026-08-26
дом шале под ключ проекты,55,1,1,"Wordstat через Топвизор, регион 213",2026-08-26
дом шале под ключ проекты и цены,52,42,42,"Wordstat через Топвизор, регион 213",2026-08-26
дом шале фахверк,2,0,0,"Wordstat через Топвизор, регион 213",2026-08-26
дома шале в стиле фахверк,,,0,"Wordstat через Топвизор, регион 213",2026-08-26
дома шале проекты и цены,45,1,1,"Wordstat через Топвизор, регион 213",2026-08-26
купить дом шале под ключ,5,2,2,"Wordstat через Топвизор, регион 213",2026-08-26
построить дом шале недорого под ключ цены,1,0,0,"Wordstat через Топвизор, регион 213",2026-08-26
построить дом шале под ключ,2,1,1,"Wordstat через Топвизор, регион 213",2026-08-26
стоимость дома шале,6,2,0,"Wordstat через Топвизор, регион 213",2026-08-26
фахверк проект шале,,,0,"Wordstat через Топвизор, регион 213",2026-08-26
шале в стиле фахверк,12,1,0,"Wordstat через Топвизор, регион 213",2026-08-26
шале фахверк,15,3,2,"Wordstat через Топвизор, регион 213",2026-08-26
готовые дома в стиле фахверк,,,0,"Wordstat через Топвизор, регион 213",2026-08-26
готовые дома фахверк,13,7,0,"Wordstat через Топвизор, регион 213",2026-08-26
готовые проекты домов фахверк,2,,0,"Wordstat через Топвизор, регион 213",2026-08-26
готовые проекты фахверковых домов,,,3,"Wordstat через Топвизор, регион 213",2026-08-26
готовые фахверковые дома,,,0,"Wordstat через Топвизор, регион 213",2026-08-26
фахверк готовые проекты,0,,0,"Wordstat через Топвизор, регион 213",2026-08-26
дача в стиле фахверк,1,1,0,"Wordstat через Топвизор, регион 213",2026-08-26
деревянные фахверковые дома,,,0,"Wordstat через Топвизор, регион 213",2026-08-26
деревянный дом фахверк,4,0,0,"Wordstat через Топвизор, регион 213",2026-08-26
дома из дерева фахверк,,,0,"Wordstat через Топвизор, регион 213",2026-08-26
план фахверкового дома,,,0,"Wordstat через Топвизор, регион 213",2026-08-26
современный фахверковый дом,8,13,1,"Wordstat через Топвизор, регион 213",2026-08-26
фахверковые здания,,,0,"Wordstat через Топвизор, регион 213",2026-08-26
фахверк дом баня,8,,2,"Wordstat через Топвизор, регион 213",2026-08-26
фахверковые дома бани,,,0,"Wordstat через Топвизор, регион 213",2026-08-26
фахверк с верандой,,,2,"Wordstat через Топвизор, регион 213",2026-08-26
фахверк проект с гаражом,,,0,"Wordstat через Топвизор, регион 213",2026-08-26
дом фахверк с мансардой,,,0,"Wordstat через Топвизор, регион 213",2026-08-26
фахверк с мансардой,,,6,"Wordstat через Топвизор, регион 213",2026-08-26
фахверковый дом с мансардой,,,0,"Wordstat через Топвизор, регион 213",2026-08-26
дом фахверк с панорамным остеклением,,,0,"Wordstat через Топвизор, регион 213",2026-08-26
дома фахверк с панорамными окнами,,,0,"Wordstat через Топвизор, регион 213",2026-08-26
панорамные дома фахверк,9,0,0,"Wordstat через Топвизор, регион 213",2026-08-26
панорамный дом фахверк,9,0,0,"Wordstat через Топвизор, регион 213",2026-08-26
проект фахверкового дома с панорамным остеклением,1,1,1,"Wordstat через Топвизор, регион 213",2026-08-26
современный фахверк с панорамными окнами,,,0,"Wordstat через Топвизор, регион 213",2026-08-26
фахверк с панорамным остеклением,3,0,0,"Wordstat через Топвизор, регион 213",2026-08-26
фахверк с панорамными окнами,0,,1,"Wordstat через Топвизор, регион 213",2026-08-26
фахверковые дома панорамные,,,0,"Wordstat через Топвизор, регион 213",2026-08-26
фахверковые дома с панорамными окнами,,,0,"Wordstat через Топвизор, регион 213",2026-08-26
дом в стиле фахверк двухэтажный с террасой,1,1,0,"Wordstat через Топвизор, регион 213",2026-08-26
дом фахверк одноэтажный с террасой,9,,3,"Wordstat через Топвизор, регион 213",2026-08-26
проект одноэтажного дома фахверк с террасой,0,,0,"Wordstat через Топвизор, регион 213",2026-08-26
фахверк с террасой,7,2,1,"Wordstat через Топвизор, регион 213",2026-08-26
фахверк с террасой одноэтажный,,,,"Wordstat через Топвизор, регион 213",2026-08-26
фахверк со вторым светом,2,0,2,"Wordstat через Топвизор, регион 213",2026-08-26
фахверковый дом со вторым светом,,,0,"Wordstat через Топвизор, регион 213",2026-08-26
маленький фахверковый дом,0,,0,"Wordstat через Топвизор, регион 213",2026-08-26
небольшие фахверковые дома,0,,0,"Wordstat через Топвизор, регион 213",2026-08-26
небольшой дом в стиле фахверк,,,0,"Wordstat через Топвизор, регион 213",2026-08-26
фахверк маленький домик,,,0,"Wordstat через Топвизор, регион 213",2026-08-26
проект дома фахверк 150 кв м,3,2,0,"Wordstat через Топвизор, регион 213",2026-08-26
проекты домов фахверк до 150 кв,0,0,0,"Wordstat через Топвизор, регион 213",2026-08-26
проекты фахверковых домов до 150 кв м,0,0,0,"Wordstat через Топвизор, регион 213",2026-08-26
фахверк одноэтажный 150,,,0,"Wordstat через Топвизор, регион 213",2026-08-26
фахверк проекты домов до 150,0,,0,"Wordstat через Топвизор, регион 213",2026-08-26
фахверковые дома 150 м кв,,,0,"Wordstat через Топвизор, регион 213",2026-08-26
фахверковый дом 150 кв м,,,0,"Wordstat через Топвизор, регион 213",2026-08-26
проект дома фахверк 200 кв м,0,,0,"Wordstat через Топвизор, регион 213",2026-08-26
фахверк 250 м2,,,0,"Wordstat через Топвизор, регион 213",2026-08-26
купить фахверковый дом от производителя,,,0,"Wordstat через Топвизор, регион 213",2026-08-26
дизайн проект фахверка,,,0,"Wordstat через Топвизор, регион 213",2026-08-26
планировка дома фахверк,3,,0,"Wordstat через Топвизор, регион 213",2026-08-26
проект каркасного дома в стиле фахверк,7,,0,"Wordstat через Топвизор, регион 213",2026-08-26
проект фахверк,71,3,1,"Wordstat через Топвизор, регион 213",2026-08-26
проекты в стиле фахверк,10,0,0,"Wordstat через Топвизор, регион 213",2026-08-26
проекты домов и коттеджей фахверк,0,,0,"Wordstat через Топвизор, регион 213",2026-08-26
проекты домов из клееного бруса фахверк,,,,"Wordstat через Топвизор, регион 213",2026-08-26
проекты домов фахверк москва,,,0,"Wordstat через Топвизор, регион 213",2026-08-26
проекты каркасных домов в стиле фахверк,0,,,"Wordstat через Топвизор, регион 213",2026-08-26
проекты каркасных домов фахверк,0,,,"Wordstat через Топвизор, регион 213",2026-08-26
типовые проекты домов фахверк,,,0,"Wordstat через Топвизор, регион 213",2026-08-26
фахверк дом проекты с планировкой,0,0,0,"Wordstat через Топвизор, регион 213",2026-08-26
фахверк планировка,2,,1,"Wordstat через Топвизор, регион 213",2026-08-26
фахверк проекты,68,2,2,"Wordstat через Топвизор, регион 213",2026-08-26
дома фахверк от производителя,,,0,"Wordstat через Топвизор, регион 213",2026-08-26
каркасные дома под фахверк под ключ,,,,"Wordstat через Топвизор, регион 213",2026-08-26
фахверк построить,22,2,2,"Wordstat через Топвизор, регион 213",2026-08-26
фахверковое строительство,39,7,0,"Wordstat через Топвизор, регион 213",2026-08-26
фахверковые каркасные дома,1,0,,"Wordstat через Топвизор, регион 213",2026-08-26
фахверк дом из клееного бруса,,,,"Wordstat через Топвизор, регион 213",2026-08-26
фахверк с односкатной крышей,0,,0,"Wordstat через Топвизор, регион 213",2026-08-26
двухэтажный дом фахверк проекты,,,0,"Wordstat через Топвизор, регион 213",2026-08-26
двухэтажный фахверк,16,3,1,"Wordstat через Топвизор, регион 213",2026-08-26
двухэтажный фахверк планировка,,,0,"Wordstat через Топвизор, регион 213",2026-08-26
дом в стиле фахверк двухэтажный,2,1,0,"Wordstat через Топвизор, регион 213",2026-08-26
дом в стиле фахверк двухэтажный планировки,,,0,"Wordstat через Топвизор, регион 213",2026-08-26
дом фахверк 2 этажа,,,0,"Wordstat через Топвизор, регион 213",2026-08-26
дом фахверк двухэтажный,3,,0,"Wordstat через Топвизор, регион 213",2026-08-26
фахверк 2 этажа,3,0,0,"Wordstat через Топвизор, регион 213",2026-08-26
фахверк два этажа,,,0,"Wordstat через Топвизор, регион 213",2026-08-26
фахверк дома проекты двухэтажных домов,2,,0,"Wordstat через Топвизор, регион 213",2026-08-26
фахверковые двухэтажные дома,,,0,"Wordstat через Топвизор, регион 213",2026-08-26
1 этажный дом фахверк,,,0,"Wordstat через Топвизор, регион 213",2026-08-26
1 этажный фахверк,1,,0,"Wordstat через Топвизор, регион 213",2026-08-26
дом фахверк один этаж,,,0,"Wordstat через Топвизор, регион 213",2026-08-26
дом фахверк одноэтажный современный,,,0,"Wordstat через Топвизор, регион 213",2026-08-26
дома в стиле фахверк одноэтажный,13,1,0,"Wordstat через Топвизор, регион 213",2026-08-26
одноэтажные дома фахверк,25,6,0,"Wordstat через Топвизор, регион 213",2026-08-26
одноэтажные фахверковые дома,13,,1,"Wordstat через Топвизор, регион 213",2026-08-26
одноэтажные фахверковые дома проекты,,,0,"Wordstat через Топвизор, регион 213",2026-08-26
одноэтажные фахверковые дома проекты фото,,,0,"Wordstat через Топвизор, регион 213",2026-08-26
одноэтажный дом фахверк проекты,3,,0,"Wordstat через Топвизор, регион 213",2026-08-26
одноэтажный каркасный дом фахверк,,,1,"Wordstat через Топвизор, регион 213",2026-08-26
одноэтажный фахверк проекты,7,,0,"Wordstat через Топвизор, регион 213",2026-08-26
проект дома в стиле фахверк одноэтажный,0,,0,"Wordstat через Топвизор, регион 213",2026-08-26
проект одноэтажного дома фахверк,9,5,0,"Wordstat через Топвизор, регион 213",2026-08-26
проект фахверка 1 этаж,0,,0,"Wordstat через Топвизор, регион 213",2026-08-26
проект фахверкового дома 1 этажного,,,0,"Wordstat через Топвизор, регион 213",2026-08-26
проекты одноэтажных домов фахверк,2,1,0,"Wordstat через Топвизор, регион 213",2026-08-26
проекты одноэтажных фахверков,4,0,0,"Wordstat через Топвизор, регион 213",2026-08-26
фахверк 1 этаж,7,2,1,"Wordstat через Топвизор, регион 213",2026-08-26
фахверк 1 этажный,,,0,"Wordstat через Топвизор, регион 213",2026-08-26
фахверк в один этаж,,,0,"Wordstat через Топвизор, регион 213",2026-08-26
фахверк один этаж проект,,,0,"Wordstat через Топвизор, регион 213",2026-08-26
фахверк одноэтажный планировка,,,0,"Wordstat через Топвизор, регион 213",2026-08-26
фахверки одноэтажных зданий,,,0,"Wordstat через Топвизор, регион 213",2026-08-26
фахверковый 1 этажный дом,,,0,"Wordstat через Топвизор, регион 213",2026-08-26
hi tech дома проекты,6,6,1,"Wordstat через Топвизор, регион 213",2026-08-26
hitech дома,9,,,"Wordstat через Топвизор, регион 213",2026-08-26
дома хайтек проекты,57,8,1,"Wordstat через Топвизор, регион 213",2026-08-26
проекты домов в стиле хайтек,29,4,0,"Wordstat через Топвизор, регион 213",2026-08-26
красивые фахверковые дома,,,0,"Wordstat через Топвизор, регион 213",2026-08-26
красивый дом фахверк,0,0,0,"Wordstat через Топвизор, регион 213",2026-08-26
красивый фахверк,4,0,0,"Wordstat через Топвизор, регион 213",2026-08-26
лучшие фахверковые дома,,,0,"Wordstat через Топвизор, регион 213",2026-08-26
гостевой дом баня фахверк,,,0,"Wordstat через Топвизор, регион 213",2026-08-26
фахверк гараж,6,,2,"Wordstat через Топвизор, регион 213",2026-08-26
проекты шале домов с террасой,25,0,0,"Wordstat через Топвизор, регион 213",2026-08-26
проект каркасного фахверка,0,,,"Wordstat через Топвизор, регион 213",2026-08-26
проектирование домов фахверк,3,,0,"Wordstat через Топвизор, регион 213",2026-08-26
проектирование фахверковых домов,2,1,6,"Wordstat через Топвизор, регион 213",2026-08-26
фахверк проектирование,4,,0,"Wordstat через Топвизор, регион 213",2026-08-26
фахверковые дома проекты и чертежи,0,2,0,"Wordstat через Топвизор, регион 213",2026-08-26
дом в стиле фахверк двухэтажный фото,,,0,"Wordstat через Топвизор, регион 213",2026-08-26
дом фахверк фото 1 этажный,,,0,"Wordstat через Топвизор, регион 213",2026-08-26
одноэтажные фахверковые дома фото,,,0,"Wordstat через Топвизор, регион 213",2026-08-26
одноэтажный дом в стиле фахверк фото,0,0,0,"Wordstat через Топвизор, регион 213",2026-08-26
фахверковые одноэтажные дома фото,1,1,0,"Wordstat через Топвизор, регион 213",2026-08-26
фахверк в стиле хай тек,,,0,"Wordstat через Топвизор, регион 213",2026-08-26
фахверк хай тек,,,0,"Wordstat через Топвизор, регион 213",2026-08-26
фахверк хайтек,,,1,"Wordstat через Топвизор, регион 213",2026-08-26
хай тек дома фахверк,,,0,"Wordstat через Топвизор, регион 213",2026-08-26
фахверк в стиле шале,,,0,"Wordstat через Топвизор, регион 213",2026-08-26
фахверк 2 спальни,,,0,"Wordstat через Топвизор, регион 213",2026-08-26
фахверк 3 спальни,,,0,"Wordstat через Топвизор, регион 213",2026-08-26
фахверк 4 спальни,,,0,"Wordstat через Топвизор, регион 213",2026-08-26
фахверк 5 спален,,,0,"Wordstat через Топвизор, регион 213",2026-08-26
дом фахверк в москве,,,0,"Wordstat через Топвизор, регион 213",2026-08-26
дом фахверк с балконом,,,0,"Wordstat через Топвизор, регион 213",2026-08-26
фахверк с балконом,,,0,"Wordstat через Топвизор, регион 213",2026-08-26
фахверковый дом баня,,0,0,"Wordstat через Топвизор, регион 213",2026-08-26
дом фахверк с бассейном,,,0,"Wordstat через Топвизор, регион 213",2026-08-26
проект фахверк с бассейном,,,0,"Wordstat через Топвизор, регион 213",2026-08-26
фахверк бассейн,,,0,"Wordstat через Топвизор, регион 213",2026-08-26
фахверк с бассейном,,,1,"Wordstat через Топвизор, регион 213",2026-08-26
фахверковые дома с бассейном,,,0,"Wordstat через Топвизор, регион 213",2026-08-26
дом фахверк с гаражом,,,0,"Wordstat через Топвизор, регион 213",2026-08-26
проект дома фахверк с гаражом,1,,0,"Wordstat через Топвизор, регион 213",2026-08-26
фахверк с гаражом,1,2,0,"Wordstat через Топвизор, регион 213",2026-08-26
фахверк дом с мансардой,,,0,"Wordstat через Топвизор, регион 213",2026-08-26
дом фахверк с навесом,,,0,"Wordstat через Топвизор, регион 213",2026-08-26
фахверк с навесом,,,1,"Wordstat через Топвизор, регион 213",2026-08-26
дом фахверк с панорамными окнами,3,0,0,"Wordstat через Топвизор, регион 213",2026-08-26
дома в стиле фахверк с панорамными окнами,,,0,"Wordstat через Топвизор, регион 213",2026-08-26
одноэтажный фахверк с панорамными окнами,,,,"Wordstat через Топвизор, регион 213",2026-08-26
фахверковый дом с панорамным остеклением,1,1,0,"Wordstat через Топвизор, регион 213",2026-08-26
дом в стиле фахверк одноэтажный с террасой,4,2,0,"Wordstat через Топвизор, регион 213",2026-08-26
дома с террасой фахверк,9,,0,"Wordstat через Топвизор, регион 213",2026-08-26
одноэтажные дома в стиле фахверк с террасой,,,,"Wordstat через Топвизор, регион 213",2026-08-26
одноэтажный дом в стиле фахверк с террасой,,,0,"Wordstat через Топвизор, регион 213",2026-08-26
одноэтажный дом фахверк с террасой,5,3,3,"Wordstat через Топвизор, регион 213",2026-08-26
проекты одноэтажных домов фахверк с террасой,,,0,"Wordstat через Топвизор, регион 213",2026-08-26
фахверк с террасой двухэтажный,,,0,"Wordstat через Топвизор, регион 213",2026-08-26
дом фахверк со вторым светом,,,0,"Wordstat через Топвизор, регион 213",2026-08-26
дома фахверк со вторым светом,,,0,"Wordstat через Топвизор, регион 213",2026-08-26
фахверк дома проекты со вторым светом,,,0,"Wordstat через Топвизор, регион 213",2026-08-26
фахверк со вторым светом проект дома,,,0,"Wordstat через Топвизор, регион 213",2026-08-26
маленькие дома фахверк,,,0,"Wordstat через Топвизор, регион 213",2026-08-26
маленький фахверк,1,0,1,"Wordstat через Топвизор, регион 213",2026-08-26
мини фахверк,,,2,"Wordstat через Топвизор, регион 213",2026-08-26
небольшой фахверк,3,0,6,"Wordstat через Топвизор, регион 213",2026-08-26
фахверковые мини дома,,,0,"Wordstat через Топвизор, регион 213",2026-08-26
фахверковые дома до 150 м,,,0,"Wordstat через Топвизор, регион 213",2026-08-26
фахверк до 200 кв м,,,0,"Wordstat через Топвизор, регион 213",2026-08-26
фахверк дома до 200 кв м,,,0,"Wordstat через Топвизор, регион 213",2026-08-26
фахверк одноэтажный 200 кв,,,0,"Wordstat через Топвизор, регион 213",2026-08-26
фахверк проекты до 200 кв м,,,0,"Wordstat через Топвизор, регион 213",2026-08-26
фахверк проекты домов до 200 кв м,,,0,"Wordstat через Топвизор, регион 213",2026-08-26
фахверк до 250 кв м,,,0,"Wordstat через Топвизор, регион 213",2026-08-26
фахверк 300 м2,,,0,"Wordstat через Топвизор, регион 213",2026-08-26
фахверк 400 м2,,,0,"Wordstat через Топвизор, регион 213",2026-08-26
фахверк купить под ключ,19,1,1,"Wordstat через Топвизор, регион 213",2026-08-26
дома в стиле фахверк проекты и цены,0,7,6,"Wordstat через Топвизор, регион 213",2026-08-26
купить проект дома фахверк,0,1,0,"Wordstat через Топвизор, регион 213",2026-08-26
проект дома в стиле фахверк,1,9,0,"Wordstat через Топвизор, регион 213",2026-08-26
проекты фахверковых домов и коттеджей,0,10,0,"Wordstat через Топвизор, регион 213",2026-08-26
строительство фахверковых домов под ключ проекты,,,0,"Wordstat через Топвизор, регион 213",2026-08-26
фахверк проекты цена под ключ,,,0,"Wordstat через Топвизор, регион 213",2026-08-26
фахверковые дома проекты под ключ,88,,0,"Wordstat через Топвизор, регион 213",2026-08-26
построить дом фахверк,14,4,2,"Wordstat через Топвизор, регион 213",2026-08-26
строительство дома фахверк под ключ,3,4,0,"Wordstat через Топвизор, регион 213",2026-08-26
двухэтажный фахверк с плоской крышей,,,0,"Wordstat через Топвизор, регион 213",2026-08-26
фахверк с плоской крышей 2 этажа,,,0,"Wordstat через Топвизор, регион 213",2026-08-26
одноэтажный фахверк плоская крыша,,,,"Wordstat через Топвизор, регион 213",2026-08-26
одноэтажный фахверк с плоской крышей,0,3,0,"Wordstat через Топвизор, регион 213",2026-08-26
фахверк одноэтажный с плоской крышей,,,0,"Wordstat через Топвизор, регион 213",2026-08-26
фахверк одноэтажный с плоской крышей проекты,,,,"Wordstat через Топвизор, регион 213",2026-08-26
фахверк с плоской кровлей одноэтажный,,,,"Wordstat через Топвизор, регион 213",2026-08-26
фахверковые дома одноэтажные с плоской крышей,,,0,"Wordstat через Топвизор, регион 213",2026-08-26
фахверковый одноэтажный дом с плоской крышей,,,0,"Wordstat через Топвизор, регион 213",2026-08-26
двускатная крыша фахверк,,,0,"Wordstat через Топвизор, регион 213",2026-08-26
дом в стиле фахверк с двускатной крышей,,,0,"Wordstat через Топвизор, регион 213",2026-08-26
фахверк с двускатной крышей,,,0,"Wordstat через Топвизор, регион 213",2026-08-26
фахверковые дома с двускатной крышей,,,0,"Wordstat через Топвизор, регион 213",2026-08-26
дом фахверк с плоской крышей,0,,1,"Wordstat через Топвизор, регион 213",2026-08-26
дома фахверк с плоской крышей,1,0,2,"Wordstat через Топвизор, регион 213",2026-08-26
фахверк с плоской кровлей,14,1,3,"Wordstat через Топвизор, регион 213",2026-08-26
фахверк с плоской крышей проекты,0,,0,"Wordstat через Топвизор, регион 213",2026-08-26
фахверковые дома с плоской крышей,1,,0,"Wordstat через Топвизор, регион 213",2026-08-26
фахверковый дом с плоской кровлей,,0,0,"Wordstat через Топвизор, регион 213",2026-08-26
фахверк квадратный,,,,"Wordstat через Топвизор, регион 213",2026-08-26
фахверк п,,,,"Wordstat через Топвизор, регион 213",2026-08-26
фахверк прямоугольный,,,,"Wordstat через Топвизор, регион 213",2026-08-26
фахверк угловой,,,,"Wordstat через Топвизор, регион 213",2026-08-26
фахверк второй этаж,,,2,"Wordstat через Топвизор, регион 213",2026-08-26
одноэтажные дома фахверк под ключ,,,0,"Wordstat через Топвизор, регион 213",2026-08-26
одноэтажный дом в стиле фахверк,7,1,1,"Wordstat через Топвизор, регион 213",2026-08-26
одноэтажный фахверк из клееного бруса,,,,"Wordstat через Топвизор, регион 213",2026-08-26
одноэтажный фахверк под ключ,,,0,"Wordstat через Топвизор, регион 213",2026-08-26
одноэтажный фахверковый дом под ключ,,,0,"Wordstat через Топвизор, регион 213",2026-08-26
фахверк из клееного бруса одноэтажный,,,,"Wordstat через Топвизор, регион 213",2026-08-26
