запрос,яндекс_москва_18.08.2026,google_москва_25.08.2026
фахверк,29,--
фахверковые дома,16,9
фахверк это,15,--
дом хай тек,29,7
фахверк что это,28,--
фахверковый дом,12,--
дом фахверк,17,--
дома с плоской крышей,24,2
фахверк дом,15,--
современные дома с панорамным остеклением,47,--
фахверковые дома цена под ключ,27,--
дом в стиле фахверк,17,--
haus,84,--
модум,--,--
фахверковые дома что это,21,--
остекление фахверковых домов,21,2
фахверковые дома проекты и цены,17,4
одноэтажные дома с плоской крышей,10,--
типы крыш,--,--
проект дома с бассейном,76,--
фахверк купить,5,4
дом с прямой крышей,27,--
дома хайтек,16,--
построить дом с бассейном под ключ,30,--
modum,--,--
дома в стиле хайтек,23,--
дома в стиле фахверк,19,--
строительство фахверковых домов,13,--
фахверк дома,16,--
дома фахверк под ключ проекты и цены,10,--
что такое фахверк в строительстве,23,--
фахверковые дома проекты,15,--
панорамный дом,90,--
проект дома фахверк,12,--
проект дома шале,100,--
остекление фахверка,26,4
фахверк под ключ,21,--
дом хайтек 2 этажа,64,--
купить дом хай тек,15,--
высота трехэтажного дома,--,--
одноэтажный фахверк,10,1
проект дома в стиле хай тек,38,--
купить дом фахверк,10,9
каркасный дом хай тек,29,--
дом с панорамным остеклением,31,--
проект в,--,--
фахверк строительство,12,5
дом фахверк под ключ,22,--
панорамное остекление дома,51,4
панорамное остекление загородного дома,29,--
фахверковые,24,--
фахверк хаус,10,--
дом с 5 спальнями,30,--
проект дома хай тек,32,--
проект одноэтажного дома с баней,98,--
фахверковые дома цена,22,--
одноэтажный дом хай тек,45,--
купить дом фахверк под ключ,12,--
дома фахверк под ключ проекты,15,4
проекты домов с панорамным остеклением,39,--
дом с окнами в пол,18,--
fahverk house,7,--
проекты домов с двускатной крышей,30,--
каркасный дом фахверк,--,--
каркасные дома в стиле хай тек,25,--
фахверк цена под ключ,22,9
hi tech дома,32,4
одноэтажный дом фахверк,7,2
фахверковые дома под ключ,19,--
дом с гаражом и бассейном,18,--
одноэтажный дом в стиле хай тек,37,--
одноэтажный дом с плоской крышей и террасой,22,--
проект коттеджа с бассейном,32,--
коттеджи в стиле хай тек,17,--
дома хай тек под ключ,14,--
дома хайтек под ключ,13,--
одноэтажный фахверковый дом,12,3
проекты хай тек,34,--
фахверк современный,14,--
фахверковый дом что это,19,--
дом фахверк фото,36,--
панорамные дома,83,--
дома в стиле фахверк проекты,11,--
панорамный каркасный дом,--,--
проекты фахверковых домов,14,--
дом фахверк под ключ цены,13,--
фарвехтовые дома,4,10
баня фахверк,20,--
фахверковый дом под ключ,12,--
одноэтажный дом с панорамным остеклением,70,--
дома с плоской крышей проекты и цены,45,--
дом хай тек цена,33,--
двухскатная крыша с террасой,64,--
купить дом хай тек в москве,17,--
фахверковые дома это,35,--
технология фахверк,14,--
хай тек хаус,48,--
фахверк с плоской крышей,2,1
рендер дома,--,--
дома фахверк под ключ,19,--
стиль флэт,--,--
что такое фахверковый дом,20,--
дом хай тек с плоской крышей,60,--
фахверк стиль,32,--
шале стиль дома,10,1
фахверк проекты домов,13,--
дом без потолка под крышу,--,--
проект двухэтажного дома с плоской крышей,26,--
проект одноэтажного дома с сауной,46,--
дома фахверк проекты,17,--
проекты домов в стиле хай тек с плоской крышей,79,--
современный фахверк,22,--
хай тек дома проекты,25,--
дом в альпах,53,--
фахверковые дома цена под ключ москва,10,4
дом стиль хай тек,19,--
стиль хай тек дом,15,7
фахверк плюсы и минусы,12,5
фахверковые дома купить,19,--
одноэтажные,--,--
построить дом с бассейном,26,--
дом с бассейном под ключ,25,--
проект двухэтажного дома с 4 спальнями,--,--
фахверковые конструкции,24,--
проекты одноэтажных домов с плоской кровлей,10,--
двухэтажный дом в стиле хай тек,88,--
панорамные окна в квартире плюсы и минусы,35,--
дом с двумя крышами,29,--
фасад в стиле шале,21,--
фахверк проект,12,--
шале проект,--,--
проекты домов хай тек с плоской крышей,77,--
дом шале это,7,1
дом шале что это,4,1
дом с двускатной крышей и террасой,88,--
интек хаус,1,1
панорамные домики,94,--
проекты домов в стиле фахверк,12,--
проекты домов фахверк,12,--
гараж фахверк,31,--
flat стиль,--,--
проект фахверкового дома,11,--
фасад дома в стиле шале,30,--
дом хай тек под ключ,13,--
дом хай тек с бассейном,38,--
проект дома шале с террасой,62,--
дом в стиле хайтек под ключ,17,--
купить дом в стиле хайтек,21,--
купить дом хайтек,16,--
построить дом под ключ хайтек,9,--
сколько стоит дом хай тек,27,--
сколько стоит хайтек дом,28,--
строительство домов hi tech,18,--
строительство домов в стиле хай тек,14,--
готовые дома фахверк купить,6,6
готовые дома фахверк под ключ,10,9
готовый фахверк купить,19,9
дом фахверк купить готовый,6,--
купить готовый дом фахверк,6,--
купить готовый дом фахверк под ключ,13,--
дома по технологии фахверк проекты,22,--
быстровозводимые дома фахверк,29,--
дачный дом в стиле фахверк,21,--
дачный домик фахверк,20,2
дома фахверк москва,9,5
дома фахверк подмосковье,7,--
загородные дома фахверк,12,--
коттедж фахверк,3,--
современные дома фахверк,16,--
фахверк москва,8,--
фахверк московская область,7,--
фахверковые дома в москве и московской области,7,4
фахверковые дома москва,7,3
фахверковые дома московская область,6,3
фахверковый дом с панорамным остеклением цена,15,1
дом фахверк двухэтажный с террасой купить,4,1
дом в стиле фахверк купить,6,--
дома фахверк купить,17,8
дома фахверк купить в москве,4,4
купить дом в стиле фахверк,6,8
купить дом фахверк в подмосковье,14,4
купить дом фахверк московская область,12,--
купить дом фахверк под ключ в подмосковье,18,4
купить фахверк под ключ москва,12,4
купить фахверковый дом,19,--
купить фахверковый дом в подмосковье,17,4
фахверк дом купить москва,19,4
фахверк дома заказать,15,9
фахверк заказать,19,--
фахверк купить в московской области,20,--
фахверк купить москва,6,--
фахверк купить от производителя,13,4
фахверк на заказ,10,--
фахверк продажа домов,--,--
фахверковый дом заказать,8,--
фахверковый дом купить в москве,10,4
дома фахверк проекты и цены,11,3
купить проект фахверкового дома,8,--
проекты домов фахверк цены,16,6
фахверковые дома под ключ проекты и цены,12,--
дом из фахверка под ключ,16,--
дом фахверк под ключ в москве,10,3
построить дом в стиле фахверк,14,--
построить дом под ключ фахверк,9,--
построить фахверковый дом,37,--
строительство домов в стиле фахверк,13,--
строительство домов фахверк,14,--
строительство домов фахверк москва,10,3
строительство домов фахверк под ключ,11,--
строительство зданий фахверк,13,--
строительство фахверка под ключ,19,--
строительство фахверков москва,10,--
строительство фахверковых домов в москве,12,3
строительство фахверковых домов под ключ,9,--
фахверк под ключ в москве,18,3
фахверк под ключ москва,26,3
фахверковые дома строительная компания,13,--
каркасный дом в стиле фахверк,34,--
дом фахверк под ключ цена,12,--
дом фахверк под ключ цены москва,16,3
дом фахверк цена,5,9
дом фахверк цена москва,6,--
дома фахверк стоимость,9,3
дома фахверк цены,5,5
каркасный дом фахверк цена,30,--
сколько стоит дом фахверк,16,--
сколько стоит построить фахверк,14,8
сколько стоит фахверковый дом,23,8
строительство фахверковые дома цена,14,--
фахверк дома под ключ цена,18,9
фахверк москва цена,24,--
фахверк под ключ москва цена,10,3
фахверк под ключ цена,19,9
фахверк под ключ цена с отделкой,6,4
фахверк стоимость строительства,8,3
фахверк цена,23,--
фахверк цена за м2,20,8
фахверковые дома под ключ москва цена,17,4
фахверковые дома цена под ключ фото,21,--
фахверковый дом под ключ цена,14,--
фахверковый дом цена,18,--
фахверковый дом цена москва,11,--
дом фахверк одноэтажный под ключ,5,1
фахверковые дома проекты одноэтажные планировка стоимость,9,1
фахверковый одноэтажный дом купить,18,3
дом high tech,24,3
дом в стиле хай тек под ключ,17,--
дома хайтек под ключ цена,28,--
загородный дом хайтек,15,--
сколько стоит построить дом хайтек,22,--
хайтек дом,21,7
хайтек дом цена,28,--
дом фахверк шале,4,1
дом шале под ключ,86,--
дом шале под ключ проекты,43,--
дом шале под ключ проекты и цены,94,--
дом шале фахверк,4,1
дома шале в стиле фахверк,3,1
дома шале проекты и цены,--,--
купить дом шале под ключ,42,--
построить дом шале недорого под ключ цены,--,--
построить дом шале под ключ,37,--
стоимость дома шале,88,--
фахверк проект шале,4,1
шале в стиле фахверк,3,1
шале фахверк,6,1
готовые дома в стиле фахверк,11,9
готовые дома фахверк,5,--
готовые проекты домов фахверк,9,--
готовые проекты фахверковых домов,16,--
готовые фахверковые дома,16,--
фахверк готовые проекты,17,--
дача в стиле фахверк,35,--
деревянные фахверковые дома,30,--
деревянный дом фахверк,21,--
дома из дерева фахверк,--,--
план фахверкового дома,21,--
современный фахверковый дом,20,--
фахверковые здания,28,--
фахверк дом баня,4,--
фахверковые дома бани,5,--
фахверк с верандой,9,1
фахверк проект с гаражом,3,1
дом фахверк с мансардой,2,5
фахверк с мансардой,2,1
фахверковый дом с мансардой,2,7
дом фахверк с панорамным остеклением,6,1
дома фахверк с панорамными окнами,6,1
панорамные дома фахверк,9,3
панорамный дом фахверк,7,2
проект фахверкового дома с панорамным остеклением,9,1
современный фахверк с панорамными окнами,5,1
фахверк с панорамным остеклением,6,1
фахверк с панорамными окнами,12,1
фахверковые дома панорамные,8,1
фахверковые дома с панорамными окнами,6,1
дом в стиле фахверк двухэтажный с террасой,6,1
дом фахверк одноэтажный с террасой,9,1
проект одноэтажного дома фахверк с террасой,9,1
фахверк с террасой,3,1
фахверк с террасой одноэтажный,13,1
фахверк со вторым светом,5,2
фахверковый дом со вторым светом,4,4
маленький фахверковый дом,3,2
небольшие фахверковые дома,2,2
небольшой дом в стиле фахверк,1,--
фахверк маленький домик,2,1
проект дома фахверк 150 кв м,6,1
проекты домов фахверк до 150 кв,2,2
проекты фахверковых домов до 150 кв м,2,1
фахверк одноэтажный 150,15,1
фахверк проекты домов до 150,2,1
фахверковые дома 150 м кв,2,1
фахверковый дом 150 кв м,2,1
проект дома фахверк 200 кв м,7,1
фахверк 250 м2,5,2
купить фахверковый дом от производителя,13,5
дизайн проект фахверка,15,--
планировка дома фахверк,21,--
проект каркасного дома в стиле фахверк,11,--
проект фахверк,11,--
проекты в стиле фахверк,16,--
проекты домов и коттеджей фахверк,5,--
проекты домов из клееного бруса фахверк,43,--
проекты домов фахверк москва,9,--
проекты каркасных домов в стиле фахверк,14,--
проекты каркасных домов фахверк,23,--
типовые проекты домов фахверк,28,--
фахверк дом проекты с планировкой,13,--
фахверк планировка,16,1
фахверк проекты,18,--
дома фахверк от производителя,24,--
каркасные дома под фахверк под ключ,37,--
фахверк построить,9,--
фахверковое строительство,23,--
фахверковые каркасные дома,32,--
фахверк дом из клееного бруса,42,--
фахверк с односкатной крышей,13,1
двухэтажный дом фахверк проекты,5,1
двухэтажный фахверк,3,1
двухэтажный фахверк планировка,5,2
дом в стиле фахверк двухэтажный,5,1
дом в стиле фахверк двухэтажный планировки,6,1
дом фахверк 2 этажа,2,1
дом фахверк двухэтажный,3,1
фахверк 2 этажа,3,1
фахверк два этажа,2,1
фахверк дома проекты двухэтажных домов,4,1
фахверковые двухэтажные дома,5,1
1 этажный дом фахверк,6,3
1 этажный фахверк,7,2
дом фахверк один этаж,5,1
дом фахверк одноэтажный современный,5,2
дома в стиле фахверк одноэтажный,10,3
одноэтажные дома фахверк,6,2
одноэтажные фахверковые дома,6,2
одноэтажные фахверковые дома проекты,10,4
одноэтажные фахверковые дома проекты фото,9,4
одноэтажный дом фахверк проекты,11,4
одноэтажный каркасный дом фахверк,23,--
одноэтажный фахверк проекты,10,2
проект дома в стиле фахверк одноэтажный,9,--
проект одноэтажного дома фахверк,7,4
проект фахверка 1 этаж,7,--
проект фахверкового дома 1 этажного,10,4
проекты одноэтажных домов фахверк,10,4
проекты одноэтажных фахверков,10,1
фахверк 1 этаж,10,2
фахверк 1 этажный,8,2
фахверк в один этаж,6,1
фахверк один этаж проект,7,1
фахверк одноэтажный планировка,12,3
фахверки одноэтажных зданий,16,1
фахверковый 1 этажный дом,7,4
hi tech дома проекты,33,--
hitech дома,36,--
дома хайтек проекты,33,--
проекты домов в стиле хайтек,36,--
красивые фахверковые дома,5,--
красивый дом фахверк,15,--
красивый фахверк,12,--
лучшие фахверковые дома,19,--
гостевой дом баня фахверк,13,--
фахверк гараж,32,--
проекты шале домов с террасой,94,--
проект каркасного фахверка,21,--
проектирование домов фахверк,28,--
проектирование фахверковых домов,46,--
фахверк проектирование,25,--
фахверковые дома проекты и чертежи,35,--
дом в стиле фахверк двухэтажный фото,3,1
дом фахверк фото 1 этажный,11,4
одноэтажные фахверковые дома фото,13,2
одноэтажный дом в стиле фахверк фото,12,5
фахверковые одноэтажные дома фото,11,2
фахверк в стиле хай тек,1,3
фахверк хай тек,1,8
фахверк хайтек,1,7
хай тек дома фахверк,1,1
фахверк в стиле шале,2,1
фахверк 2 спальни,1,1
фахверк 3 спальни,1,1
фахверк 4 спальни,1,2
фахверк 5 спален,1,1
дом фахверк в москве,9,3
дом фахверк с балконом,2,1
фахверк с балконом,4,1
фахверковый дом баня,4,--
дом фахверк с бассейном,1,1
проект фахверк с бассейном,1,1
фахверк бассейн,1,1
фахверк с бассейном,1,1
фахверковые дома с бассейном,1,1
дом фахверк с гаражом,2,2
проект дома фахверк с гаражом,3,1
фахверк с гаражом,2,1
фахверк дом с мансардой,2,5
дом фахверк с навесом,4,1
фахверк с навесом,15,1
дом фахверк с панорамными окнами,6,1
дома в стиле фахверк с панорамными окнами,4,1
одноэтажный фахверк с панорамными окнами,4,1
фахверковый дом с панорамным остеклением,7,1
дом в стиле фахверк одноэтажный с террасой,7,2
дома с террасой фахверк,3,1
одноэтажные дома в стиле фахверк с террасой,6,2
одноэтажный дом в стиле фахверк с террасой,5,2
одноэтажный дом фахверк с террасой,8,1
проекты одноэтажных домов фахверк с террасой,7,2
фахверк с террасой двухэтажный,5,1
дом фахверк со вторым светом,4,2
дома фахверк со вторым светом,4,2
фахверк дома проекты со вторым светом,3,2
фахверк со вторым светом проект дома,3,4
маленькие дома фахверк,2,1
маленький фахверк,2,2
мини фахверк,3,5
небольшой фахверк,2,2
фахверковые мини дома,2,2
фахверковые дома до 150 м,1,1
фахверк до 200 кв м,1,1
фахверк дома до 200 кв м,1,1
фахверк одноэтажный 200 кв,1,1
фахверк проекты до 200 кв м,2,1
фахверк проекты домов до 200 кв м,4,1
фахверк до 250 кв м,1,1
фахверк 300 м2,2,1
фахверк 400 м2,2,1
фахверк купить под ключ,11,--
дома в стиле фахверк проекты и цены,14,--
купить проект дома фахверк,8,--
проект дома в стиле фахверк,16,--
проекты фахверковых домов и коттеджей,6,--
строительство фахверковых домов под ключ проекты,16,--
фахверк проекты цена под ключ,13,9
фахверковые дома проекты под ключ,11,--
построить дом фахверк,7,--
строительство дома фахверк под ключ,11,4
двухэтажный фахверк с плоской крышей,1,1
фахверк с плоской крышей 2 этажа,1,1
одноэтажный фахверк плоская крыша,1,1
одноэтажный фахверк с плоской крышей,1,1
фахверк одноэтажный с плоской крышей,1,1
фахверк одноэтажный с плоской крышей проекты,1,1
фахверк с плоской кровлей одноэтажный,1,1
фахверковые дома одноэтажные с плоской крышей,1,1
фахверковый одноэтажный дом с плоской крышей,1,1
двускатная крыша фахверк,3,1
дом в стиле фахверк с двускатной крышей,1,2
фахверк с двускатной крышей,1,1
фахверковые дома с двускатной крышей,1,1
дом фахверк с плоской крышей,2,1
дома фахверк с плоской крышей,2,1
фахверк с плоской кровлей,2,1
фахверк с плоской крышей проекты,2,1
фахверковые дома с плоской крышей,3,1
фахверковый дом с плоской кровлей,3,1
фахверк квадратный,2,--
фахверк п,7,1
фахверк прямоугольный,3,3
фахверк угловой,2,1
фахверк второй этаж,2,2
одноэтажные дома фахверк под ключ,3,1
одноэтажный дом в стиле фахверк,7,3
одноэтажный фахверк из клееного бруса,11,--
одноэтажный фахверк под ключ,6,1
одноэтажный фахверковый дом под ключ,4,2
фахверк из клееного бруса одноэтажный,10,--
